{
    "figure": [
        "'data': 'object'", 
        "'layout': 'object'"
    ], 
    "plotlydict": [], 
    "plotlylist": [], 
    "marker": [
        "'symbol': 'style'", 
        "'line': 'object'", 
        "'size': 'style'", 
        "'sizemode': 'style'", 
        "'sizeref': 'style'", 
        "'color': 'style'", 
        "'opacity': 'style'", 
        "'type': 'style'"
    ], 
    "stream": [
        "'token': 'plot_info'", 
        "'maxpoints': 'plot_info'"
    ], 
    "font": [
        "'family': 'style'", 
        "'size': 'style'", 
        "'color': 'style'"
    ], 
    "contour": [
        "'z': 'data'", 
        "'x': 'data'", 
        "'y': 'data'", 
        "'name': 'data'", 
        "'autocontour': 'style'", 
        "'ncontours': 'style'", 
        "'contours': 'object'", 
        "'scl': 'style'", 
        "'reversescl': 'style'", 
        "'colorbar': 'object'", 
        "'zmin': 'style'", 
        "'zmax': 'style'", 
        "'showlegend': 'style'", 
        "'stream': 'plot_info'", 
        "'xaxis': 'plot_info'", 
        "'yaxis': 'plot_info'", 
        "'visible': 'plot_info'", 
        "'showscale': 'plot_info'", 
        "'xtype': 'style'", 
        "'ytype': 'style'", 
        "'dx': 'style'", 
        "'dy': 'style'", 
        "'zauto': 'sytle'", 
        "'type': 'plot_info'"
    ], 
    "radialAxis": [], 
    "layout": [
        "'title': 'plot_info'", 
        "'xaxis': 'object'", 
        "'yaxis': 'object'", 
        "'legend': 'object'", 
        "'width': 'style'", 
        "'height': 'style'", 
        "'autosize': 'style'", 
        "'categories': 'plot_info'", 
        "'margin': 'object'", 
        "'paper_bgcolor': 'style'", 
        "'plot_bgcolor': 'style'", 
        "'dragmode': 'style'", 
        "'hovermode': 'style'", 
        "'barmode': 'plot_info'", 
        "'bargap': 'style'", 
        "'bargroupgap': 'style'", 
        "'boxmode': 'style'", 
        "'boxgap': 'style'", 
        "'boxgroupgap': 'style'", 
        "'font': 'object'", 
        "'titlefont': 'object'", 
        "'separators': UNCLASSIFIED", 
        "'labeloffset': UNCLASSIFIED", 
        "'bardir': 'plot_info'", 
        "'direction': UNCLASSIFIED", 
        "'tickcolor': 'style'", 
        "'minortickcolor': 'style'", 
        "'defaultcolorrange': 'style'", 
        "'hidesources': 'plot_info'", 
        "'showlegend': 'style'", 
        "'annotations': 'object'", 
        "'orientation': 'plot_info'", 
        "'radialAxis': 'object'", 
        "'angularAxis': 'object'", 
        "'needsEndSpacing': UNCLASSIFIED"
    ], 
    "error_y": [
        "'value': 'data'", 
        "'array': 'data'", 
        "'color': 'style'", 
        "'opacity': 'style'", 
        "'thickness': 'style'", 
        "'traceref': UNCLASSIFIED", 
        "'type': 'plot_info'", 
        "'visible': 'plot_info'", 
        "'width': 'style'"
    ], 
    "area": [
        "'x': 'data'", 
        "'y': 'data'", 
        "'z': 'data'", 
        "'r': 'data'", 
        "'t': 'data'", 
        "'text': 'data'", 
        "'textposition': 'plot_info'", 
        "'name': 'data'", 
        "'mode': 'plot_info'", 
        "'marker': 'object'", 
        "'line': 'object'", 
        "'fill': 'style'", 
        "'fillcolor': 'style'", 
        "'opacity': 'style'", 
        "'showlegend': 'style'", 
        "'xaxis': 'plot_info'", 
        "'yaxis': 'plot_info'", 
        "'angularAxis': UNCLASSIFIED", 
        "'radialAxis': UNCLASSIFIED", 
        "'error_y': 'object'", 
        "'textfont': 'object'", 
        "'type': 'plot_info'", 
        "'orientation': 'plot_info'", 
        "'boxpoints': 'style'", 
        "'jitter': 'style'", 
        "'pointpos': 'style'", 
        "'boxmean': 'style'", 
        "'whiskerwidth': 'style'", 
        "'scl': 'style'", 
        "'reversescl': 'style'", 
        "'colorbar': 'object'", 
        "'autobinx': 'style'", 
        "'autobiny': 'style'", 
        "'xbins': 'object'", 
        "'ybins': 'object'", 
        "'histnorm': 'plot_info'", 
        "'zmax': 'plot_info'", 
        "'zmin': 'plot_info'", 
        "'dx': UNCLASSIFIED", 
        "'dy': UNCLASSIFIED", 
        "'x0': UNCLASSIFIED", 
        "'y0': UNCLASSIFIED", 
        "'zauto': 'plot_info'", 
        "'hm_id': UNCLASSIFIED", 
        "'nbinsx': 'style'", 
        "'nbinsy': 'style'", 
        "'showscale': 'style'"
    ], 
    "annotation": [
        "'x': 'plot_info'", 
        "'y': 'plot_info'", 
        "'text': 'plot_info'", 
        "'textposition': 'style'", 
        "'bordercolor': 'style'", 
        "'borderwidth': 'style'", 
        "'borderpad': 'style'", 
        "'bgcolor': 'style'", 
        "'xref': 'plot_info'", 
        "'yref': 'plot_info'", 
        "'showarrow': 'plot_info'", 
        "'arrowwidth': 'style'", 
        "'arrowcolor': 'style'", 
        "'arrowhead': 'style'", 
        "'arrowsize': 'style'", 
        "'tag': UNCLASSIFIED", 
        "'font': 'object'", 
        "'opacity': 'style'", 
        "'align': 'plot_info'", 
        "'xanchor': 'plot_info'", 
        "'yanchor': 'plot_info'", 
        "'ay': 'plot_info'", 
        "'ax': 'plot_info'", 
        "'xatype': 'plot_info'", 
        "'yatype': 'plot_info'", 
        "'ref': 'plot_info'"
    ], 
    "heatmap": [
        "'z': 'data'", 
        "'x': 'data'", 
        "'y': 'data'", 
        "'name': 'data'", 
        "'scl': 'style'", 
        "'reversescl': 'style'", 
        "'colorbar': 'object'", 
        "'zmin': 'style'", 
        "'zmax': 'style'", 
        "'showlegend': 'style'", 
        "'stream': 'plot_info'", 
        "'xaxis': 'plot_info'", 
        "'yaxis': 'plot_info'", 
        "'visible': 'plot_info'", 
        "'showscale': 'plot_info'", 
        "'x0': 'plot_info'", 
        "'y0': 'plot_info'", 
        "'xtype': 'style'", 
        "'ytype': 'style'", 
        "'dx': 'style'", 
        "'dy': 'style'", 
        "'zauto': 'sytle'", 
        "'type': 'plot_info'"
    ], 
    "contours": [
        "'start': 'plot_info'", 
        "'end': 'plot_info'", 
        "'size': 'plot_info'", 
        "'coloring': UNCLASSIFIED", 
        "'showlines': 'sytle'"
    ], 
    "xaxis": [
        "'title': 'plot_info'", 
        "'domain': 'plot_info'", 
        "'range': 'style'", 
        "'type': 'plot_info'", 
        "'showline': 'style'", 
        "'linecolor': 'style'", 
        "'linewidth': 'style'", 
        "'tick0': 'plot_info'", 
        "'dtick': 'style'", 
        "'ticks': 'style'", 
        "'ticklen': 'style'", 
        "'tickcolor': 'style'", 
        "'tickwidth': 'style'", 
        "'nticks': 'style'", 
        "'showticklabels': 'style'", 
        "'tickangle': 'style'", 
        "'exponentformat': 'style'", 
        "'showexponent': 'style'", 
        "'showgrid': 'style'", 
        "'gridcolor': 'style'", 
        "'gridwidth': 'style'", 
        "'autorange': 'plot_info'", 
        "'rangemode': 'plot_info'", 
        "'autotick': 'style'", 
        "'zeroline': 'style'", 
        "'zerolinecolor': 'style'", 
        "'zerolinewidth': 'style'", 
        "'titlefont': 'object'", 
        "'tickfont': 'object'", 
        "'overlaying': UNCLASSIFIED", 
        "'position': 'style'", 
        "'anchor': 'plot_info'", 
        "'side': 'style'", 
        "'mirror': 'style'"
    ], 
    "angularAxis": [], 
    "annotations": [], 
    "trace": [
        "'x': 'data'", 
        "'y': 'data'", 
        "'z': 'data'", 
        "'r': 'data'", 
        "'t': 'data'", 
        "'text': 'data'", 
        "'name': 'data'", 
        "'mode': 'plot_info'", 
        "'marker': 'object'", 
        "'line': 'object'", 
        "'fill': 'style'", 
        "'fillcolor': 'style'", 
        "'opacity': 'style'", 
        "'showlegend': 'style'", 
        "'xaxis': 'plot_info'", 
        "'yaxis': 'plot_info'", 
        "'angularAxis': UNCLASSIFIED", 
        "'radialAxis': UNCLASSIFIED", 
        "'error_y': 'object'", 
        "'textfont': 'object'", 
        "'type': 'plot_info'", 
        "'orientation': 'plot_info'", 
        "'boxpoints': 'style'", 
        "'jitter': 'style'", 
        "'pointpos': 'style'", 
        "'boxmean': 'style'", 
        "'whiskerwidth': 'style'", 
        "'scl': 'style'", 
        "'reversescl': 'style'", 
        "'colorbar': 'object'", 
        "'autobinx': 'style'", 
        "'autobiny': 'style'", 
        "'xbins': 'object'", 
        "'ybins': 'object'", 
        "'histnorm': 'plot_info'", 
        "'zmax': 'plot_info'", 
        "'zmin': 'plot_info'", 
        "'dx': UNCLASSIFIED", 
        "'dy': UNCLASSIFIED", 
        "'x0': UNCLASSIFIED", 
        "'y0': UNCLASSIFIED", 
        "'zauto': 'plot_info'", 
        "'hm_id': UNCLASSIFIED", 
        "'nbinsx': 'style'", 
        "'nbinsy': 'style'", 
        "'showscale': 'style'"
    ], 
    "histogram2d": [
        "'x': 'data'", 
        "'y': 'data'", 
        "'scl': 'style'", 
        "'reversescl': 'style'", 
        "'colorbar': 'object'", 
        "'name': 'data'", 
        "'marker': 'object'", 
        "'line': 'object'", 
        "'autobinx': 'plot_info'", 
        "'autobiny': 'plot_info'", 
        "'xbins': 'object'", 
        "'ybins': 'object'", 
        "'nbinsx': 'style'", 
        "'nbinsy': 'style'", 
        "'histnorm': 'plot_info'", 
        "'showlegend': 'style'", 
        "'xaxis': 'plot_info'", 
        "'yaxis': 'plot_info'", 
        "'visible': 'plot_info'", 
        "'showscale': 'plot_info'", 
        "'stream': 'plot_info'", 
        "'type': 'plot_info'"
    ], 
    "xbins": [
        "'start': 'plot_info'", 
        "'end': 'plot_info'", 
        "'size': 'plot_info'"
    ], 
    "plotlytrace": [], 
    "line": [
        "'dash': 'style'", 
        "'color': 'style'", 
        "'width': 'style'", 
        "'opacity': 'style'", 
        "'smoothing': 'style'"
    ], 
    "histogram": [
        "'x': 'data'", 
        "'y': 'data'", 
        "'name': 'data'", 
        "'orientation': 'plot_info'", 
        "'marker': 'object'", 
        "'opacity': 'style'", 
        "'line': 'object'", 
        "'autobinx': 'plot_info'", 
        "'xbins': 'object'", 
        "'nbinsx': 'style'", 
        "'autobiny': 'plot_info'", 
        "'ybins': 'object'", 
        "'nbinsy': 'style'", 
        "'histnorm': 'plot_info'", 
        "'showlegend': 'style'", 
        "'xaxis': 'plot_info'", 
        "'yaxis': 'plot_info'", 
        "'visible': 'plot_info'", 
        "'stream': 'plot_info'", 
        "'error_y': 'object'", 
        "'type': 'plot_info'"
    ], 
    "data": [], 
    "legend": [
        "'x': 'plot_info'", 
        "'y': 'plot_info'", 
        "'bgcolor': 'style'", 
        "'bordercolor': 'style'", 
        "'borderwidth': 'style'", 
        "'font': 'object'", 
        "'showlegend': 'style'", 
        "'traceorder': 'style'", 
        "'xref': 'plot_info'", 
        "'yref': 'plot_info'", 
        "'xanchor': 'plot_info'", 
        "'yanchor': 'plot_info'"
    ], 
    "ybins": [
        "'start': 'plot_info'", 
        "'end': 'plot_info'", 
        "'size': 'plot_info'"
    ], 
    "box": [
        "'y': 'data'", 
        "'x': 'data'", 
        "'x0': 'data'", 
        "'name': 'data'", 
        "'boxpoints': 'plot_info'", 
        "'jitter': 'style'", 
        "'pointpos': 'style'", 
        "'boxmean': 'style'", 
        "'whiskerwidth': 'style'", 
        "'fillcolor': 'style'", 
        "'showlegend': 'style'", 
        "'stream': 'plot_info'", 
        "'xaxis': 'plot_info'", 
        "'visible': 'plot_info'", 
        "'marker': 'object'", 
        "'line': 'object'", 
        "'type': 'plot_info'"
    ], 
    "bar": [
        "'x': 'data'", 
        "'y': 'data'", 
        "'orientation': 'plot_info'", 
        "'text': 'data'", 
        "'textposition': 'style'", 
        "'name': 'data'", 
        "'marker': 'object'", 
        "'line': 'object'", 
        "'opacity': 'style'", 
        "'showlegend': 'style'", 
        "'stream': 'plot_info'", 
        "'xaxis': 'plot_info'", 
        "'yaxis': 'plot_info'", 
        "'error_y': 'object'", 
        "'textfont': 'object'", 
        "'visible': 'plot_info'", 
        "'type': 'plot_info'", 
        "'r': 'data'", 
        "'t': 'data'"
    ], 
    "yaxis": [
        "'title': 'plot_info'", 
        "'domain': 'plot_info'", 
        "'range': 'style'", 
        "'type': 'plot_info'", 
        "'showline': 'style'", 
        "'linecolor': 'style'", 
        "'linewidth': 'style'", 
        "'tick0': 'plot_info'", 
        "'dtick': 'style'", 
        "'ticks': 'style'", 
        "'ticklen': 'style'", 
        "'tickcolor': 'style'", 
        "'tickwidth': 'style'", 
        "'nticks': 'style'", 
        "'showticklabels': 'style'", 
        "'tickangle': 'style'", 
        "'exponentformat': 'style'", 
        "'showexponent': 'style'", 
        "'showgrid': 'style'", 
        "'gridcolor': 'style'", 
        "'gridwidth': 'style'", 
        "'autorange': 'plot_info'", 
        "'rangemode': 'plot_info'", 
        "'autotick': 'style'", 
        "'zeroline': 'style'", 
        "'zerolinecolor': 'style'", 
        "'zerolinewidth': 'style'", 
        "'titlefont': 'object'", 
        "'tickfont': 'object'", 
        "'position': 'style'", 
        "'anchor': 'plot_info'", 
        "'side': 'style'", 
        "'mirror': 'style'", 
        "'overlaying': UNCLASSIFIED"
    ], 
    "margin": [
        "'l': 'style'", 
        "'r': 'style'", 
        "'b': 'style'", 
        "'t': 'style'", 
        "'pad': 'style'", 
        "'autoexpand': 'style'"
    ], 
    "colorbar": [], 
    "histogram2dcontour": [
        "'x': 'data'", 
        "'y': 'data'", 
        "'scl': 'style'", 
        "'reversescl': 'style'", 
        "'colorbar': 'object'", 
        "'name': 'data'", 
        "'marker': 'object'", 
        "'line': 'object'", 
        "'autobinx': 'plot_info'", 
        "'autobiny': 'plot_info'", 
        "'xbins': 'object'", 
        "'ybins': 'object'", 
        "'nbinsx': UNCLASSIFIED", 
        "'nbinsy': UNCLASSIFIED", 
        "'histnorm': UNCLASSIFIED", 
        "'autocontour': 'style'", 
        "'ncontours': 'style'", 
        "'contours': 'object'", 
        "'xtype': 'style'", 
        "'ytype': 'style'", 
        "'dx': 'style'", 
        "'dy': 'style'", 
        "'showlegend': 'style'", 
        "'xaxis': 'plot_info'", 
        "'yaxis': 'plot_info'", 
        "'visible': 'plot_info'", 
        "'showscale': UNCLASSIFIED", 
        "'stream': 'plot_info'", 
        "'type': 'plot_info'"
    ], 
    "scatter": [
        "'x': 'data'", 
        "'y': 'data'", 
        "'text': 'data'", 
        "'textposition': 'style'", 
        "'name': 'data'", 
        "'mode': 'plot_info'", 
        "'marker': 'object'", 
        "'line': 'object'", 
        "'fill': 'style'", 
        "'fillcolor': 'style'", 
        "'opacity': 'style'", 
        "'showlegend': 'style'", 
        "'stream': 'plot_info'", 
        "'xaxis': 'plot_info'", 
        "'yaxis': 'plot_info'", 
        "'error_y': 'object'", 
        "'visible': 'plot_info'", 
        "'textfont': 'object'", 
        "'r': 'data'", 
        "'t': 'data'", 
        "'type': 'plot_info'"
    ]
}